title,price,date
"boAt BassHeads 900 Wired Headset
            
            (Carbon Black, On the Ear)",849,2024-07-09
"boAt BassHeads 900 Wired Headset
            
            (Carbon Black, On the Ear)",849,2024-07-09
"boAt BassHeads 900 Wired Headset
            
            (Carbon Black, On the Ear)",849,2024-07-09
"boAt BassHeads 900 Wired Headset
            
            (Carbon Black, On the Ear)",849,2024-07-09
"boAt BassHeads 900 Wired Headset
            
            (Carbon Black, On the Ear)",849,2024-07-09
"boAt BassHeads 900 Wired Headset
            
            (Carbon Black, On the Ear)",849,2024-07-09
"boAt BassHeads 900 Wired Headset
            
            (Carbon Black, On the Ear)",849,2024-07-09
"boAt BassHeads 900 Wired Headset
            
            (Carbon Black, On the Ear)",849,2024-07-09
"boAt BassHeads 900 Wired Headset
            
            (Carbon Black, On the Ear)",849,2024-07-09
